id;kategorie;indikator;einheit;epoche;jahr;wert_min;wert_max;datenqualitaet;frueher_besser;anmerkung;quelle;quelle_url;url_status;erstnennung
1;Gesundheit;Säuglingssterblichkeit;% im 1. Lebensjahr;Steinzeit;-10000..-2200;20;35;Rekonstruktion;nein;Jäger/Sammler Mittel ~27 %;Volk & Atkinson 2013;https://www.gwern.net/doc/history/2013-volk.pdf;verifiziert;ja (URL = Kopie)
2;Gesundheit;Säuglingssterblichkeit;% im 1. Lebensjahr;Mittelalter;500..1500;20;35;Rekonstruktion;nein;regional stark schwankend;Volk & Atkinson 2013 / OWID;https://www.gwern.net/doc/history/2013-volk.pdf | https://ourworldindata.org;verifiziert | Portal (nicht zeilengenau);Volk & Atkinson 2013: ja (URL = Kopie) | OWID: nein: Aggregator
3;Gesundheit;Säuglingssterblichkeit;% im 1. Lebensjahr;1900;1901;19;21;Statistik;nein;Deutsches Reich;Destatis;https://digi.bib.uni-mannheim.de/fileadmin/statjahrb/514401303_1910/pdf/514401303_0456.pdf;verifiziert;ja: Statistisches Jahrbuch Deutsches Reich 1910 (Wert 1908: 17.8 %)
4;Gesundheit;Säuglingssterblichkeit;% im 1. Lebensjahr;1950;1950;5;6;Statistik;nein;BRD;Destatis;https://www-genesis.destatis.de;Portal (nicht zeilengenau);nein: Statistisches Jahrbuch für das Deutsche Reich / BRD
5;Gesundheit;Säuglingssterblichkeit;% im 1. Lebensjahr;2000;2000;0.4;0.5;Statistik;nein;;Destatis;https://www.destatis.de/DE/Methoden/WISTA-Wirtschaft-und-Statistik/2020/02/saeuglingssterblichkeit-deutschland-022020.pdf;verifiziert;nein: Destatis Bevölkerungsstatistik
6;Gesundheit;Säuglingssterblichkeit;% im 1. Lebensjahr;heute;2024;0.33;0.33;Statistik;nein;3.3 je 1.000;Destatis;https://www.bayern.landtag.de/www/ElanTextAblage_WP19/Drucksachen/Schriftliche%20Anfragen/19_0011339.pdf;sekundär;nein: Statistikportal Bund/Länder
7;Gesundheit;Kindersterblichkeit;% vor 15. Lebensjahr;Steinzeit;-10000..-2200;40;50;Rekonstruktion;nein;Mittel ~46 %;Volk & Atkinson 2013;https://www.gwern.net/doc/history/2013-volk.pdf;verifiziert;ja (URL = Kopie)
8;Gesundheit;Kindersterblichkeit;% vor 15. Lebensjahr;Mittelalter;500..1500;35;50;Rekonstruktion;nein;OWID = unter 5 J. (nicht unter 15);OWID / Gapminder;https://ourworldindata.org/grapher/child-mortality?country=~DEU;verifiziert (Datensatz 1751..);nein: Gapminder / UN IGME
9;Gesundheit;Kindersterblichkeit;% vor 15. Lebensjahr;1900;1900;25;30;Schätzung;nein;OWID = unter 5 J.;OWID / HMD;https://ourworldindata.org/grapher/child-mortality?country=~DEU | https://www.mortality.org;verifiziert | Portal;nein: Gapminder / HMD
10;Gesundheit;Kindersterblichkeit;% vor 15. Lebensjahr;1950;1950;6;8;Statistik;nein;OWID = unter 5 J.;HMD;https://ourworldindata.org/grapher/child-mortality?country=~DEU;verifiziert;nein: UN IGME
11;Gesundheit;Kindersterblichkeit;% vor 15. Lebensjahr;2000;2000;0.5;0.7;Statistik;nein;OWID = unter 5 J.;HMD;https://ourworldindata.org/grapher/child-mortality?country=~DEU;verifiziert;nein: UN IGME
12;Gesundheit;Kindersterblichkeit;% vor 15. Lebensjahr;heute;2023;0.4;0.5;Statistik;nein;OWID = unter 5 J.;HMD;https://ourworldindata.org/profile/health/germany;verifiziert;nein: UN IGME (2024: 0.37 % unter 5 J.)
13;Gesundheit;Lebenserwartung;Jahre bei Geburt (M..F);Steinzeit;-10000..-2200;20;35;Rekonstruktion;nein;niedrig v.a. durch Säuglingssterblichkeit;Gurven & Kaplan 2007;https://doi.org/10.1111/j.1728-4457.2007.00171.x;verifiziert;nein: Entwurf PAA 2006 https://paa2006.populationassociation.org/papers/61883
14;Gesundheit;Lebenserwartung;Jahre bei Geburt (M..F);Mittelalter;500..1500;25;35;Rekonstruktion;nein;;Gurven & Kaplan 2007 / OWID;https://doi.org/10.1111/j.1728-4457.2007.00171.x | https://ourworldindata.org;verifiziert | Portal (nicht zeilengenau);Gurven & Kaplan 2007: nein: Entwurf PAA 2006 https://paa2006.populationassociation.org/papers/61883 | OWID: nein: Aggregator
15;Gesundheit;Lebenserwartung;Jahre bei Geburt (M..F);1900;1901..1910;45;48;Statistik;nein;Deutsches Reich;Destatis;https://www.destatis.de/DE/Themen/Gesellschaft-Umwelt/Bevoelkerung/Sterbefaelle-Lebenserwartung/sterbetafel.html;verifiziert;nein: Allgemeine Sterbetafeln ab 1871/81 (Statistik des Deutschen Reichs)
16;Gesundheit;Lebenserwartung;Jahre bei Geburt (M..F);1950;1949..1951;65;69;Statistik;nein;BRD;Destatis;https://www.destatis.de/DE/Themen/Gesellschaft-Umwelt/Bevoelkerung/Sterbefaelle-Lebenserwartung/sterbetafel.html;verifiziert;nein: Allgemeine Sterbetafeln ab 1871/81 (Statistik des Deutschen Reichs)
17;Gesundheit;Lebenserwartung;Jahre bei Geburt (M..F);2000;1998..2000;75;81;Statistik;nein;;Destatis;https://www.destatis.de/DE/Themen/Gesellschaft-Umwelt/Bevoelkerung/Sterbefaelle-Lebenserwartung/sterbetafel.html;verifiziert;nein: Allgemeine Sterbetafeln ab 1871/81 (Statistik des Deutschen Reichs)
18;Gesundheit;Lebenserwartung;Jahre bei Geburt (M..F);heute;2023..2025;79;83;Statistik;nein;M 78.8 / F 83.4;Destatis;https://www.destatis.de/DE/Themen/Gesellschaft-Umwelt/Bevoelkerung/Sterbefaelle-Lebenserwartung/sterbetafel.html;verifiziert;nein: Sterbetafel 2023/2025
19;Gesundheit;Lebenserwartung ab 15;erreichtes Alter in Jahren;Steinzeit;-10000..-2200;45;60;Rekonstruktion;nein;wer 15 wurde, lebte deutlich länger als 30;Gurven & Kaplan 2007;https://doi.org/10.1111/j.1728-4457.2007.00171.x;verifiziert;nein: Entwurf PAA 2006 https://paa2006.populationassociation.org/papers/61883
20;Gesundheit;Lebenserwartung ab 15;erreichtes Alter in Jahren;Mittelalter;500..1500;45;60;Rekonstruktion;nein;;OWID;https://ourworldindata.org;Portal (nicht zeilengenau);nein: Aggregator
21;Gesundheit;Lebenserwartung ab 15;erreichtes Alter in Jahren;1900;1901..1910;60;63;Statistik;nein;;HMD / Destatis;https://www.destatis.de/DE/Themen/Gesellschaft-Umwelt/Bevoelkerung/Sterbefaelle-Lebenserwartung/sterbetafel.html | https://www.mortality.org;verifiziert | Portal;nein: Allgemeine Sterbetafeln (Destatis)
22;Gesundheit;Lebenserwartung ab 15;erreichtes Alter in Jahren;1950;1949..1951;69;73;Statistik;nein;;HMD / Destatis;https://www.destatis.de/DE/Themen/Gesellschaft-Umwelt/Bevoelkerung/Sterbefaelle-Lebenserwartung/sterbetafel.html | https://www.mortality.org;verifiziert | Portal;nein: Allgemeine Sterbetafeln (Destatis)
23;Gesundheit;Lebenserwartung ab 15;erreichtes Alter in Jahren;2000;2000;76;82;Statistik;nein;;HMD;https://www.mortality.org;Portal (nicht zeilengenau);nein: nationale Sterbetafeln
24;Gesundheit;Lebenserwartung ab 15;erreichtes Alter in Jahren;heute;2023;79;84;Statistik;nein;;HMD;https://www.mortality.org;Portal (nicht zeilengenau);nein: nationale Sterbetafeln
25;Gesundheit;Müttersterblichkeit;je 100.000 Lebendgeborene;Frühe Neuzeit;1600..1750;1000;1600;Schätzung;nein;England Kirchenbücher;Loudon 1992;-;keine URL;ja: Buch Death in Childbirth (OUP)
26;Gesundheit;Müttersterblichkeit;je 100.000 Lebendgeborene;1900;1900;300;600;Schätzung;nein;;Loudon 1992;-;keine URL;ja: Buch Death in Childbirth (OUP)
27;Gesundheit;Müttersterblichkeit;je 100.000 Lebendgeborene;1950;1950;150;250;Statistik;nein;BRD;WHO / Destatis;https://ourworldindata.org/grapher/maternal-mortality?country=~DEU;verifiziert (Datensatz / Wert DE PRÜFEN);nein: WHO Mortality Database
28;Gesundheit;Müttersterblichkeit;je 100.000 Lebendgeborene;2000;2000;4;8;Statistik;nein;;WHO;https://ourworldindata.org/grapher/maternal-mortality?country=~DEU;verifiziert (Datensatz);nein: UN MMEIG
29;Gesundheit;Müttersterblichkeit;je 100.000 Lebendgeborene;heute;2020;4;5;Statistik;nein;;WHO;https://ourworldindata.org/profile/health/germany;verifiziert;nein: UN MMEIG (2020: 4.43)
30;Gesundheit;Körpergröße;cm Männer;Steinzeit;-10000..-2200;162;170;Rekonstruktion;teilweise;Mesolithikum größer als Neolithikum;Koepke & Baten 2005;https://ideas.repec.org/p/zbw/tuedps/265.html;verifiziert;ja: Working Paper 2003 (Journal 2005)
31;Gesundheit;Körpergröße;cm Männer;Mittelalter;500..1500;168;173;Rekonstruktion;ja;größer als 1850 und 1900;Koepke & Baten 2005;https://ideas.repec.org/p/zbw/tuedps/265.html;verifiziert;ja: Working Paper 2003 (Journal 2005)
32;Gesundheit;Körpergröße;cm Männer;1850;1850;164;167;Schätzung;nein;Tiefpunkt Industrialisierung;Koepke & Baten 2005;https://ideas.repec.org/p/zbw/tuedps/265.html;verifiziert;ja: Working Paper 2003 (Journal 2005)
33;Gesundheit;Körpergröße;cm Männer;1900;1900;166;169;Schätzung;nein;;NCD-RisC;https://doi.org/10.7554/eLife.13410;verifiziert;ja (deckt Jahrgänge 1896..1996)
34;Gesundheit;Körpergröße;cm Männer;1950;1950;172;175;Statistik;nein;Geburtsjahrgang;NCD-RisC;https://doi.org/10.7554/eLife.13410;verifiziert;ja (deckt Jahrgänge 1896..1996)
35;Gesundheit;Körpergröße;cm Männer;2000;2000;178;180;Statistik;nein;Geburtsjahrgang;NCD-RisC;https://doi.org/10.7554/eLife.13410;verifiziert;ja (deckt Jahrgänge 1896..1996)
36;Gesundheit;Körpergröße;cm Männer;heute;2019;179;181;Statistik;nein;;NCD-RisC;https://doi.org/10.7554/eLife.13410;verifiziert;ja (deckt Jahrgänge 1896..1996)
37;Gesundheit;Tuberkulose;Tote je 100.000;1900;1910;163.5;163.5;Statistik;nein;häufigste Todesursache junger Erwachsener;Destatis via Statista / Stat. BRD Bd. 61;https://de.statista.com/statistik/daten/studie/1284105/umfrage/todesursachen-in-deutschland-historisch/ | https://www.statistischebibliothek.de/mir/servlets/MCRFileNodeServlet/DEHeft_derivate_00064814/StatBRD_61.pdf;sekundär (Paywall) | verifiziert (Inhaltsverz.);nein: Todesursachenstatistik Reich / Stat. Jahrbuch BRD 1950 (TB-Sterblichkeit 1892..1950)
38;Gesundheit;Tuberkulose;Tote je 100.000;1950;1950;40.6;40.6;Statistik;nein;BRD;Destatis via Statista;https://de.statista.com/statistik/daten/studie/1284105/umfrage/todesursachen-in-deutschland-historisch/;sekundär (Paywall);nein: Todesursachenstatistik
39;Gesundheit;Tuberkulose;Tote je 100.000;2000;2000;0.7;0.7;Statistik;nein;;Destatis via Statista;https://de.statista.com/statistik/daten/studie/1284105/umfrage/todesursachen-in-deutschland-historisch/;sekundär (Paywall);nein: Todesursachenstatistik
40;Gesundheit;Tuberkulose;Tote je 100.000;heute;2023;0.1;0.3;Statistik;nein;;RKI;https://edoc.rki.de/handle/176904/12454;verifiziert;ja: RKI-Tuberkulosebericht 2023 (Mortalität 2021: 0.13/100.000)
41;Gesundheit;Pocken;% aller Todesfälle;Frühe Neuzeit;1700..1800;8;15;Schätzung;nein;;WHO;https://www.who.int/data/gho;Portal (nicht zeilengenau);unklar
42;Gesundheit;Pocken;Fälle DE;1950;1970..1972;1;20;Statistik;nein;Meschede ~20 Fälle / 4 Tote (Jung datiert 1961/62 PRÜFEN) / Hannover 1972: 1 Fall;RKI;https://www.thieme-connect.de/products/ejournals/html/10.1055/s-0044-101169;verifiziert;nein: Jung 2018 (Übersichtstabelle)
43;Gesundheit;Pocken;Fälle DE;heute;seit 1980;0;0;Statistik;nein;weltweit ausgerottet;WHO;https://www.who.int/data/gho;Portal (nicht zeilengenau);unklar
44;Gesundheit;Polio;Fälle BRD/Jahr;1950;1961;4500;4700;Statistik;nein;1961: 4677 Fälle / 305..306 Tote;RKI;https://post-polio.org/incidence-rates-of-poliomyelitis-in-germany | https://www.bundesgesundheitsministerium.de/ministerium/meldungen/2016/maerz-2016/fokusimpfen-polio-impfung;sekundär | verifiziert;nein: Bundesgesundheitsblatt / RKI-Meldedaten
45;Gesundheit;Polio;Fälle DE/Jahr;2000;seit 1990;0;0;Statistik;nein;Europa poliofrei 2002;RKI / WHO;https://www.bundesgesundheitsministerium.de/ministerium/meldungen/2016/maerz-2016/fokusimpfen-polio-impfung;verifiziert;nein: RKI (letzte heimische Erkrankung 1990)
46;Gesundheit;Spulwurm;Prävalenz %;1950;1945..1955;30;90;Schätzung;nein;Städte Nachkrieg / PRÜFEN;PubMed Darmstadt / Papenburg;https://pubmed.ncbi.nlm.nih.gov/18887257/ | https://pubmed.ncbi.nlm.nih.gov/18915355/ | https://pubmed.ncbi.nlm.nih.gov/18908167/;verifiziert (nur Titel);ja: zeitgenössische Studien Darmstadt / Papenburg (Prävalenzwerte PRÜFEN)
47;Gesundheit;Spulwurm;Prävalenz %;heute;2020er;0;1;Schätzung;nein;;RKI;https://survstat.rki.de;Portal (nicht zeilengenau);unklar
48;Arbeit;Wochenarbeitszeit;h;Steinzeit;-10000..-2200;20;45;Rekonstruktion;ja;nur Nahrungsbeschaffung / umstritten;Sahlins 1972 / Gurven & Kaplan;- | https://doi.org/10.1111/j.1728-4457.2007.00171.x;keine URL | verifiziert;Sahlins 1972: nein: Vortrag The Original Affluent Society 1966 | Gurven & Kaplan: nein: Entwurf PAA 2006
49;Arbeit;Wochenarbeitszeit;h;Mittelalter;500..1500;40;70;Rekonstruktion;teilweise;saisonal / besser als 1850;Clark 2007;-;keine URL;ja: Buch A Farewell to Alms (Princeton UP)
50;Arbeit;Wochenarbeitszeit;h;1850;1850;80;85;Schätzung;nein;Höchststand Industrialisierung / H&M erst ab 1870 / 1850 PRÜFEN;Huberman & Minns 2007;https://doi.org/10.1016/j.eeh.2007.03.002;verifiziert;ja (Daten ab 1870)
51;Arbeit;Wochenarbeitszeit;h;1900;1900;55;60;Statistik;nein;;Huberman & Minns 2007;https://doi.org/10.1016/j.eeh.2007.03.002;verifiziert;ja (Daten ab 1870)
52;Arbeit;Wochenarbeitszeit;h;1950;1949..1956;46.5;48.8;Statistik;nein;6-Tage-Woche;Destatis;https://www.dhm.de/archiv/ausstellungen/grundrechte/katalog/114-117.pdf | https://www.planet-wissen.de/geschichte/deutsche_geschichte/wirtschaftswunder/pwiewissensfrage398.html;verifiziert | sekundär;nein: amtliche Arbeitszeitstatistik
53;Arbeit;Wochenarbeitszeit;h;2000;2000;37;39;Statistik;nein;Vollzeit tariflich;WSI;https://www.wsi.de/fpdf/HBS-005882/p_ta_elemente_78_2014.pdf;verifiziert (Dokument);ja: WSI-Arbeitszeitkalender (Reihe 1984..2013)
54;Arbeit;Wochenarbeitszeit;h;heute;2024;37;40;Statistik;nein;Vollzeit tariflich (Stand 2017)..tatsächlich;WSI / Destatis;https://www.boeckler.de/de/pressemitteilungen-2675-tarifliche-wochenarbeitszeit-im-durchschnitt-bei-377-stunden-3231.htm;verifiziert;ja: WSI-Arbeitszeitkalender 2017 (Ø 37.7 h)
55;Arbeit;Freie Werktage;Tage/Jahr (Urlaub + Feiertage);Mittelalter;500..1500;30;100;Rekonstruktion;ja;kirchliche Feiertage / umstritten;Schor 1991;-;keine URL;ja: Buch The Overworked American
56;Arbeit;Freie Werktage;Tage/Jahr (Urlaub + Feiertage);1900;1900;10;15;Schätzung;nein;nur Feiertage / Tarifurlaub ab 1903: 3 Tage;WSI;https://www.igmetall.de/ueber-uns/geschichte/warum-gibt-es-30-tage-urlaub;sekundär;nein: erster Tarifurlaub 1903 = 3 Tage
57;Arbeit;Freie Werktage;Tage/Jahr (Urlaub + Feiertage);1950;1950;20;25;Statistik;nein;~12 Tage Urlaub;WSI;https://www.boeckler.de/pdf/p_ta_elemente_38_1999.pdf;verifiziert (Dokument / Wert PRÜFEN);ja: WSI Tarifliche Leistungen 1949..1999
58;Arbeit;Freie Werktage;Tage/Jahr (Urlaub + Feiertage);2000;2000;38;42;Statistik;nein;;WSI;https://www.boeckler.de/pdf/p_ta_elemente_38_1999.pdf;verifiziert (Dokument / Wert PRÜFEN);ja: WSI Tarifliche Leistungen 1949..1999
59;Arbeit;Freie Werktage;Tage/Jahr (Urlaub + Feiertage);heute;2024;38;43;Statistik;nein;BUrlG 24 Werktage / tariflich 30;WSI / BUrlG;https://www.gesetze-im-internet.de/burlg/ | https://www.igmetall.de/ueber-uns/geschichte/warum-gibt-es-30-tage-urlaub;Gesetz | sekundär;BUrlG: ja | IG Metall: sekundär
60;Arbeit;Anteil Landwirtschaft;% Erwerbstätige;Steinzeit;-5500..-2200;90;100;Rekonstruktion;nein;Neolithikum;Schätzung;-;keine URL;Quelle ergänzen
61;Arbeit;Anteil Landwirtschaft;% Erwerbstätige;Mittelalter;500..1500;75;90;Schätzung;nein;;Clark 2007;-;keine URL;ja: Buch A Farewell to Alms (Princeton UP)
62;Arbeit;Anteil Landwirtschaft;% Erwerbstätige;1900;1907;33;38;Statistik;nein;;Destatis;https://www.topagrar.com/panorama/news/enorme-produktivitaetssteigerungen-in-der-landwirtschaft-13256035.html;sekundär;nein: DBV-Situationsbericht 2022/23
63;Arbeit;Anteil Landwirtschaft;% Erwerbstätige;1950;1950;23;26;Statistik;nein;BRD;Destatis;https://www.topagrar.com/panorama/news/enorme-produktivitaetssteigerungen-in-der-landwirtschaft-13256035.html;sekundär;nein: DBV-Situationsbericht 2022/23
64;Arbeit;Anteil Landwirtschaft;% Erwerbstätige;2000;2000;2.5;3;Statistik;nein;;Destatis;https://www-genesis.destatis.de;Portal (nicht zeilengenau);nein: Statistisches Jahrbuch für das Deutsche Reich / BRD
65;Arbeit;Anteil Landwirtschaft;% Erwerbstätige;heute;2023;1;1.5;Statistik;nein;;Destatis;https://www.topagrar.com/panorama/news/enorme-produktivitaetssteigerungen-in-der-landwirtschaft-13256035.html;sekundär;nein: DBV-Situationsbericht 2022/23
66;Arbeit;Tödliche Arbeitsunfälle;Anzahl/Jahr;1950;1960;4000;5000;Statistik;nein;BRD / PRÜFEN;DGUV;https://www.dguv.de/de/zahlen-fakten/index.jsp;Portal (nicht zeilengenau);ja (Datenbank)
67;Arbeit;Tödliche Arbeitsunfälle;Anzahl/Jahr;2000;2000;900;1000;Statistik;nein;DGUV: „über 900“;DGUV;https://de.statista.com/infografik/amp/36145/anzahl-der-arbeitsunfaelle-mit-todesfolge-in-deutschland/;sekundär;nein: DGUV
68;Arbeit;Tödliche Arbeitsunfälle;Anzahl/Jahr;heute;2023..2024;335;345;Statistik;nein;ohne Wegeunfälle / inkl. Wegeunfälle 2023: 599;DGUV;https://de.statista.com/infografik/amp/36145/anzahl-der-arbeitsunfaelle-mit-todesfolge-in-deutschland/ | https://www.dguv.de/de/mediencenter/pm/bilanz-2023.jsp;sekundär | verifiziert;nein: DGUV-Statistik
69;Ernährung;Weizenertrag;dt/ha;Steinzeit;-5500..-2200;5;21;Rekonstruktion;nein;Experimente unter heutigen Bedingungen / realer Ertrag vermutlich niedriger;Salavert 2022 / Reynolds 1992 (Butser);https://www.prehistoire.org/offres/doc_inline_src/515/00-BSPF_2022_1_Article_SALAVERT.pdf | https://www.butser.org.uk/cerealyields.html | https://arxiv.org/pdf/1505.05121;verifiziert | verifiziert | verifiziert;Salavert 2022: ja (Einkorn 13.5 / Emmer 9 dt/ha) | Butser: nein (Erstnennung Reynolds 1992) | arXiv 2015: Übersicht (Butser Emmer ~21 dt/ha)
70;Ernährung;Weizenertrag;dt/ha;Mittelalter;500..1500;5;10;Schätzung;nein;Korn-Verhältnis 1:3..1:5;Slicher van Bath 1963;-;keine URL;unklar: Yield Ratios 810..1820 (1963) / niederl. Ausgabe 1960
71;Ernährung;Weizenertrag;dt/ha;1900;1900;18;21;Statistik;nein;;Destatis;https://www.topagrar.com/panorama/news/enorme-produktivitaetssteigerungen-in-der-landwirtschaft-13256035.html;sekundär;nein: DBV-Situationsbericht 2022/23
72;Ernährung;Weizenertrag;dt/ha;1950;1950;25;28;Statistik;nein;;Destatis / BMEL;https://www-genesis.destatis.de | https://www.bmel-statistik.de;Portal (nicht zeilengenau) | Portal (nicht zeilengenau);Destatis: nein: Statistisches Jahrbuch für das Deutsche Reich / BRD | BMEL: nein: Statistisches Jahrbuch ELF
73;Ernährung;Weizenertrag;dt/ha;2000;2000;70;75;Statistik;nein;;BMEL;https://www.bmel-statistik.de;Portal (nicht zeilengenau);nein: Statistisches Jahrbuch ELF
74;Ernährung;Weizenertrag;dt/ha;heute;2023;70;80;Statistik;nein;;BMEL;https://www.topagrar.com/panorama/news/enorme-produktivitaetssteigerungen-in-der-landwirtschaft-13256035.html;sekundär;nein: DBV-Situationsbericht 2022/23
75;Ernährung;1 Landwirt ernährt;Personen;Mittelalter;500..1500;1;1.3;Schätzung;nein;;Clark 2007;-;keine URL;ja: Buch A Farewell to Alms (Princeton UP)
76;Ernährung;1 Landwirt ernährt;Personen;1900;1900;4;4;Schätzung;nein;;DBV;https://www.topagrar.com/panorama/news/ein-landwirt-ernaehrt-heute-139-personen-13561211.html;sekundär;nein: DBV-Situationsbericht (jährlich)
77;Ernährung;1 Landwirt ernährt;Personen;1950;1949;10;10;Schätzung;nein;;DBV;https://www.topagrar.com/panorama/news/ein-landwirt-ernaehrt-heute-139-personen-13561211.html;sekundär;nein: DBV-Situationsbericht (jährlich)
78;Ernährung;1 Landwirt ernährt;Personen;2000;2000;120;130;Schätzung;nein;;DBV;https://www.topagrar.com/panorama/news/ein-landwirt-ernaehrt-heute-139-personen-13561211.html;sekundär;nein: DBV-Situationsbericht (jährlich)
79;Ernährung;1 Landwirt ernährt;Personen;heute;2020er;130;145;Schätzung;nein;;DBV;https://www.topagrar.com/panorama/news/ein-landwirt-ernaehrt-heute-139-personen-13561211.html;sekundär;nein: DBV-Situationsbericht (jährlich)
80;Ernährung;Milch je Kuh;kg/Jahr;1950;1950;2473;2600;Statistik;nein;Thünen 2473 / BRS 2600;BMEL;https://literatur.thuenen.de/digbib_extern/zi029606.pdf;verifiziert;nein: Tabelle nach unterschiedlichen Quellen
81;Ernährung;Milch je Kuh;kg/Jahr;2000;2000;6050;6200;Statistik;nein;;BMEL;https://literatur.thuenen.de/digbib_extern/zi029606.pdf;verifiziert;nein: Tabelle nach unterschiedlichen Quellen
82;Ernährung;Milch je Kuh;kg/Jahr;heute;2023;8500;9378;Statistik;nein;9378 = nur MLP-Kühe (höher als Ø aller Kühe);BMEL;https://www.topagrar.com/rind/news/milchkontrolle-2022-23-leistung-und-zellzahl-gestiegen-13543323.html;sekundär;nein: BRS Milchleistungsprüfung
83;Ernährung;Nahrungsanteil am Konsum;%;Mittelalter;500..1500;60;80;Schätzung;nein;;Clark 2007;-;keine URL;ja: Buch A Farewell to Alms (Princeton UP)
84;Ernährung;Nahrungsanteil am Konsum;%;1900;1900;45;56;Schätzung;nein;Maurerhaushalt 56 %;Destatis;https://www.schule-bw.de/faecher-und-schularten/gesellschaftswissenschaftliche-und-philosophische-faecher/landeskunde-landesgeschichte/module/epochen/geowissenschaft/landwirtschaft/pfitzingen/d4.pdf;sekundär;nein: Stiglmair 1988 (Hohenloher Freilandmuseum)
85;Ernährung;Nahrungsanteil am Konsum;%;1950;1950;40;50;Statistik;nein;BRD;Destatis;https://www.statistischebibliothek.de/mir/servlets/MCRFileNodeServlet/BWMonografie_derivate_00002219/Beitrag01_09_06.pdf;verifiziert (Grafik / Wert PRÜFEN);nein: Wägungsschema Preisindex 1950 (4-Personen-Haushalt)
86;Ernährung;Nahrungsanteil am Konsum;%;2000;2000;12;15;Statistik;nein;;Destatis;https://www-genesis.destatis.de;Portal (nicht zeilengenau);nein: Statistisches Jahrbuch für das Deutsche Reich / BRD
87;Ernährung;Nahrungsanteil am Konsum;%;heute;2012..2024;11.7;14.2;Statistik;nein;11.7 = nur Nahrung (2012) / 14.2 = inkl. Getränke und Tabak (2024);Destatis;https://de.statista.com/themen/38/bildung;sekundär;nein: Destatis VGR
88;Ernährung;Arbeitsminuten 1 kg Brot;min;1950;1960;19;21;Statistik;nein;;IW Köln;https://www.t-online.de/finanzen/id_41469174/si_0/kaufkraft-wie-lange-sie-fuer-brot-bier-und-butter-arbeiten-muessen.html;sekundär;nein: IW-Kaufkraftstudie
89;Ernährung;Arbeitsminuten 1 kg Brot;min;heute;2020er;10;12;Statistik;nein;;IW Köln;https://www.t-online.de/finanzen/id_41469174/si_0/kaufkraft-wie-lange-sie-fuer-brot-bier-und-butter-arbeiten-muessen.html;sekundär;nein: IW-Kaufkraftstudie
90;Ernährung;Arbeitsminuten 250 g Butter;min;1950;1960;37;40;Statistik;nein;;IW Köln;https://www.t-online.de/finanzen/id_41469174/si_0/kaufkraft-wie-lange-sie-fuer-brot-bier-und-butter-arbeiten-muessen.html;sekundär;nein: IW-Kaufkraftstudie
91;Ernährung;Arbeitsminuten 250 g Butter;min;heute;2020er;4;5;Statistik;nein;IW: 2021 = 4 min;IW Köln;https://www.t-online.de/finanzen/id_41469174/si_0/kaufkraft-wie-lange-sie-fuer-brot-bier-und-butter-arbeiten-muessen.html;sekundär;nein: IW-Kaufkraftstudie
92;Alltag;Wohnfläche pro Kopf;m²;1950;1956;18.4;18.4;Statistik;nein;früheste belegte Angabe;Destatis;https://www.diw.de/documents/publikationen/73/diw_01.c.993897.de/26-1-1.pdf;verifiziert;nein: Destatis / DIW-Berechnung
93;Alltag;Wohnfläche pro Kopf;m²;2000;2000;38.7;38.7;Statistik;nein;;Destatis;https://www.oeko.de/fileadmin/lebensraeume/Veroeffentlichung_Wohnen_Nachfamilienphase.pdf;sekundär;nein: Destatis
94;Alltag;Wohnfläche pro Kopf;m²;heute;2023..2024;47.5;49.2;Statistik;nein;Sprung durch Zensus-2022-Basis;Destatis;https://www.umweltbundesamt.de/daten/private-haushalte-konsum/wohnen/wohnflaeche;verifiziert;nein: Destatis
95;Alltag;Verkehrstote;Anzahl/Jahr;1950;1970;21332;21332;Statistik;nein;Höchststand / früheres Bundesgebiet (ohne DDR);Destatis;https://www.destatis.de/DE/Themen/Gesellschaft-Umwelt/Verkehrsunfaelle/Tabellen/liste-strassenverkehrsunfaelle.html;verifiziert;nein: Verkehrsunfallstatistik seit 1953
96;Alltag;Verkehrstote;Anzahl/Jahr;2000;2000;7503;7503;Statistik;nein;;Destatis;https://www.destatis.de/DE/Themen/Gesellschaft-Umwelt/Verkehrsunfaelle/Tabellen/liste-strassenverkehrsunfaelle.html;verifiziert;nein: Verkehrsunfallstatistik
97;Alltag;Verkehrstote;Anzahl/Jahr;heute;2023..2025;2832;2839;Statistik;nein;;Destatis;https://www.destatis.de/DE/Themen/Gesellschaft-Umwelt/Verkehrsunfaelle/Tabellen/liste-strassenverkehrsunfaelle.html;verifiziert;nein: Verkehrsunfallstatistik
98;Umwelt;Schwefeldioxid;Mio t/Jahr;1990;1990;5.5;5.5;Statistik;nein;;UBA;https://www.umweltbundesamt.de/daten/luft/luftschadstoff-emissionen-in-deutschland/schwefeldioxid-emissionen;verifiziert;nein: UBA Nationale Trendtabellen
99;Umwelt;Schwefeldioxid;Mio t/Jahr;2000;2000;0.6;0.7;Statistik;nein;;UBA;https://www.umweltbundesamt.de/daten/luft/luftschadstoff-emissionen-in-deutschland/schwefeldioxid-emissionen;verifiziert (Seite / Wert 2000 PRÜFEN);nein: UBA Nationale Trendtabellen
100;Umwelt;Schwefeldioxid;Mio t/Jahr;heute;2024;0.2;0.2;Statistik;nein;-96 % ggü. 1990;UBA;https://www.umweltbundesamt.de/daten/luft/luftschadstoff-emissionen-in-deutschland/schwefeldioxid-emissionen;verifiziert;nein: UBA Nationale Trendtabellen
101;Gewalt;Tötungsrate;je 100.000/Jahr;Steinzeit;-10000..-2200;60;500;Rekonstruktion;nein;Gómez 2016: ~2 % aller Todesfälle / Keeley höher / umstritten;Keeley 1996 / Gómez 2016;- | https://doi.org/10.1038/nature19758;keine URL | verifiziert;Keeley 1996: ja: Buch War Before Civilization (OUP) | Gómez 2016: ja
102;Gewalt;Tötungsrate;je 100.000/Jahr;Mittelalter;1200..1500;20;50;Schätzung;nein;Gerichtsakten;Eisner 2003;https://doi.org/10.1086/652229;verifiziert;ja
103;Gewalt;Tötungsrate;je 100.000/Jahr;1900;1900;1.5;2.5;Statistik;nein;;Eisner 2003;https://doi.org/10.1086/652229;verifiziert;ja
104;Gewalt;Tötungsrate;je 100.000/Jahr;1950;1950;1;1.5;Statistik;nein;BRD;Destatis;https://www-genesis.destatis.de;Portal (nicht zeilengenau);nein: Statistisches Jahrbuch für das Deutsche Reich / BRD
105;Gewalt;Tötungsrate;je 100.000/Jahr;2000;2000;1;1.2;Statistik;nein;;Destatis;https://www-genesis.destatis.de;Portal (nicht zeilengenau);nein: Statistisches Jahrbuch für das Deutsche Reich / BRD
106;Gewalt;Tötungsrate;je 100.000/Jahr;heute;2023;0.3;0.9;Statistik;nein;je nach Definition;Destatis / PKS;https://www-genesis.destatis.de | https://www.bka.de;Portal (nicht zeilengenau) | Portal (nicht zeilengenau);Destatis: nein: Statistisches Jahrbuch für das Deutsche Reich / BRD | PKS: ja (PKS jährlich)
107;Krieg;Kriegstote;% der Bevölkerung;Frühe Neuzeit;1618..1648;20;45;Schätzung;nein;30-jähriger Krieg inkl. Seuchen und Hunger;Wilson 2009;-;keine URL;ja: Buch Europe's Tragedy
108;Krieg;Kriegstote;% der Bevölkerung;1900;1914..1918;3;4.5;Statistik;nein;Soldaten + Hungerblockade;Overmans / Destatis;https://en.wikipedia.org/wiki/R%C3%BCdiger_Overmans | https://www-genesis.destatis.de;sekundär | Portal (nicht zeilengenau);Overmans: nein: Diss. Freiburg 1996 | Destatis: nein: Statistisches Jahrbuch für das Deutsche Reich / BRD
109;Krieg;Kriegstote;% der Bevölkerung;1950;1939..1945;7;10;Schätzung;nein;Soldaten + Zivilisten + Flucht;Overmans 1999;https://en.wikipedia.org/wiki/R%C3%BCdiger_Overmans;sekundär;nein: Diss. Freiburg 1996 / Buch Oldenbourg 1999
110;Krieg;Kriegstote;% der Bevölkerung;2000;1992..2000;0;0;Statistik;nein;;Bundeswehr;https://www.bundeswehr.de;Portal (nicht zeilengenau);unklar
111;Krieg;Kriegstote;% der Bevölkerung;heute;2024;0;0;Statistik;nein;Einsatztote Bundeswehr seit 1992 ~115 gesamt;Bundeswehr;https://www.bundeswehr.de;Portal (nicht zeilengenau);unklar
112;Krieg;Gefallene Soldaten;Mio;1900;1914..1918;1.8;2.0;Statistik;nein;;Overmans;https://en.wikipedia.org/wiki/R%C3%BCdiger_Overmans;sekundär;nein: Diss. Freiburg 1996
113;Krieg;Gefallene Soldaten;Mio;1950;1939..1945;4.5;5.3;Schätzung;nein;;Overmans 1999;https://en.wikipedia.org/wiki/R%C3%BCdiger_Overmans;sekundär;nein: Diss. Freiburg 1996 / Buch Oldenbourg 1999
114;Krieg;Mobilisierte Männer;Mio;1900;1914..1918;13;13.4;Statistik;nein;;Overmans;https://en.wikipedia.org/wiki/R%C3%BCdiger_Overmans;sekundär;nein: Diss. Freiburg 1996
115;Krieg;Mobilisierte Männer;Mio;1950;1939..1945;17;18;Statistik;nein;Wehrmacht gesamt;Overmans 1999;https://en.wikipedia.org/wiki/R%C3%BCdiger_Overmans;sekundär;nein: Diss. Freiburg 1996 / Buch Oldenbourg 1999
116;Krieg;Gefallene je Jahrgang;% Männer Jahrgang 1915..1925;1950;1939..1945;25;40;Schätzung;nein;stärkste Jahrgangsverluste;Overmans 1999;https://en.wikipedia.org/wiki/R%C3%BCdiger_Overmans;sekundär;nein: Diss. Freiburg 1996 / Buch Oldenbourg 1999
117;Krieg;Lebenszeit im Heer;Jahre je Mann;Mittelalter;500..1500;0;0.1;Schätzung;teilweise;Lehnsaufgebot ~40 Tage/Jahr / nur Vasallen;Schätzung;-;keine URL;Quelle ergänzen
118;Krieg;Lebenszeit im Heer;Jahre je Mann;1900;1871..1914;2;3;Statistik;nein;aktive Wehrpflicht Kaiserreich + Reserve;Bundesarchiv;https://www.bundesarchiv.de;Portal (nicht zeilengenau);unklar
119;Krieg;Lebenszeit im Heer;Jahre je Mann;1900;1914..1918;1;4.3;Statistik;nein;Kriegsdienst Weltkrieg 1;Overmans;https://en.wikipedia.org/wiki/R%C3%BCdiger_Overmans;sekundär;nein: Diss. Freiburg 1996
120;Krieg;Lebenszeit im Heer;Jahre je Mann;1950;1939..1955;1;10;Schätzung;nein;Kriegsdienst + Kriegsgefangenschaft (bis 1955);Overmans 1999;https://en.wikipedia.org/wiki/R%C3%BCdiger_Overmans;sekundär;nein: Diss. Freiburg 1996 / Buch Oldenbourg 1999
121;Krieg;Lebenszeit im Heer;Jahre je Mann;2000;2000;0;0.8;Statistik;nein;Wehrdienst 10 Monate / nicht alle Männer;Bundeswehr;https://www.bundeswehr.de;Portal (nicht zeilengenau);unklar
122;Krieg;Lebenszeit im Heer;Jahre je Mann;heute;2024;0;0;Statistik;nein;Wehrpflicht ausgesetzt 2011 / Gesetzeslage 2026 PRÜFEN;Bundeswehr;https://www.bundeswehr.de;Portal (nicht zeilengenau);unklar
123;Krieg;Kriegswaisen;Mio Kinder;1900;1914..1918;1.1;1.2;Schätzung;nein;;Overmans / Bundesarchiv;https://en.wikipedia.org/wiki/R%C3%BCdiger_Overmans | https://www.bundesarchiv.de;sekundär | Portal (nicht zeilengenau);Overmans: nein: Diss. Freiburg 1996 | Bundesarchiv: unklar
124;Krieg;Kriegswaisen;Mio Kinder (ohne Vater);1950;1939..1945;2.5;2.5;Schätzung;nein;BRD / fast jede Großfamilie mit Kriegstoten;Overmans / Destatis;https://en.wikipedia.org/wiki/R%C3%BCdiger_Overmans | https://www-genesis.destatis.de;sekundär | Portal (nicht zeilengenau);Overmans: nein: Diss. Freiburg 1996 | Destatis: nein: Statistisches Jahrbuch für das Deutsche Reich / BRD
125;Krieg;Kriegerwitwen;Mio;1900;1914..1918;0.5;0.6;Schätzung;nein;;Bundesarchiv;https://www.bundesarchiv.de;Portal (nicht zeilengenau);unklar
126;Krieg;Kriegerwitwen;Mio;1950;1939..1945;1.0;1.3;Schätzung;nein;BRD;Destatis;https://www-genesis.destatis.de;Portal (nicht zeilengenau);nein: Statistisches Jahrbuch für das Deutsche Reich / BRD
127;Krieg;Kriegswaisen;Mio Kinder;heute;2024;0;0;Statistik;nein;;Destatis;https://www-genesis.destatis.de;Portal (nicht zeilengenau);nein: Statistisches Jahrbuch für das Deutsche Reich / BRD
128;Ernährung;Kalorienangebot;kcal/Kopf/Tag;Steinzeit;-10000..-2200;2000;3800;Rekonstruktion;teilweise;saisonal stark schwankend;Hill 1984 / Wilmsen 1978 / Gurven & Kaplan;https://doi.org/10.1007/BF01531269 | https://agris.fao.org/search/en/records/65dea58b7c7033e84beb3920 | https://doi.org/10.1111/j.1728-4457.2007.00171.x;verifiziert | verifiziert | verifiziert;Hill 1984: ja (Ache Ø 3827 kcal) | Wilmsen 1978: ja (saisonale Gewichtsschwankung San) | Gurven & Kaplan: nein (Entwurf 2006)
129;Ernährung;Kalorienangebot;kcal/Kopf/Tag;Mittelalter;1000..1350;1500;2500;Schätzung;nein;Unterschicht am unteren Rand;Abel 1978 / Montanari;- | -;keine URL | keine URL;Abel 1978: nein: 1. Aufl. Agrarkrisen und Agrarkonjunktur 1935 | Montanari: nein: ital. Original 1993
130;Ernährung;Kalorienangebot;kcal/Kopf/Tag;Spätmittelalter;1350..1500;2000;3000;Schätzung;ja;nach Pest weniger Menschen / mehr Fleisch;Abel 1978;-;keine URL;nein: 1. Aufl. Agrarkrisen und Agrarkonjunktur 1935
131;Ernährung;Kalorienangebot;kcal/Kopf/Tag;1800;1800;1800;2200;Schätzung;nein;Werte FR/GB / DE PRÜFEN;Fogel 2004;-;keine URL;ja: Buch The Escape from Hunger (CUP)
132;Ernährung;Kalorienangebot;kcal/Kopf/Tag;1900;1900;2400;2800;Schätzung;nein;;Teuteberg;-;keine URL;unklar: Teuteberg & Wiegelmann 1972
133;Ernährung;Kalorienangebot;kcal/Kopf/Tag;1900;1916..1917;1000;1300;Statistik;nein;Steckrübenwinter / Rationen;Reichsgesundheitsamt;https://en.wikipedia.org/wiki/Blockade_of_Germany_(1914%E2%80%931919);sekundär;nein: Denkschrift Dez. 1918 (763.000) / keine Online-URL gefunden
134;Ernährung;Kalorienangebot;kcal/Kopf/Tag;1950;1946..1947;670;1550;Statistik;nein;Hungerwinter / Rationen Normalverbraucher;SPD-Parteitag 1946 / Stadt Münster / bpb;https://www.gvoon.de/art/dokumente/1946/40-parteitag-spd-deutschland-sbz-1946/pdf/40-parteitag-spd-deutschland-sbz-1946-seite_086.pdf | https://www.stadt-muenster.de/briten-ms/1945-1955/rueckkehr-zur-normalitaet/versorgung | https://www.bpb.de/themen/nationalsozialismus-zweiter-weltkrieg/dossier-nationalsozialismus/39602/infrastruktur-und-gesellschaft-im-zerstoerten-deutschland/;verifiziert | sekundär | sekundär;SPD-Parteitag 1946: zeitgenössisch (US-Zone 1550 → 1275) | Münster: Tiefpunkt 672 (April 1947) | bpb: Ø 1946 1451
135;Ernährung;Kalorienangebot;kcal/Kopf/Tag;1950;1950;2600;2900;Statistik;nein;BRD;BMEL / FAO;https://www.bpb.de/themen/nationalsozialismus-zweiter-weltkrieg/dossier-nationalsozialismus/39602/infrastruktur-und-gesellschaft-im-zerstoerten-deutschland/;sekundär (nur 1936: 3113 / 1946: 1451);nein: Wert 1950 PRÜFEN
136;Ernährung;Kalorienangebot;kcal/Kopf/Tag;2000;2000;3300;3500;Statistik;nein;Angebot inkl. Verluste;FAOSTAT;https://ourworldindata.org/grapher/daily-per-capita-caloric-supply?country=~DEU | https://www.fao.org/faostat/en/#data/FBS;ungeprüft (URL-Muster) | Portal;nein: FAOSTAT Food Balances
137;Ernährung;Kalorienangebot;kcal/Kopf/Tag;heute;2021;3400;3600;Statistik;nein;Überangebot / Adipositas als neues Problem;FAOSTAT;https://ourworldindata.org/grapher/daily-per-capita-caloric-supply?country=~DEU | https://www.fao.org/faostat/en/#data/FBS;ungeprüft (URL-Muster) | Portal;nein: FAOSTAT Food Balances
138;Ernährung;Fleischkonsum;kg/Kopf/Jahr;Spätmittelalter;1400..1500;30;100;Schätzung;teilweise;100 kg = städtische Obergrenze (Abel / Teuteberg) / vermutlich überschätzt / Elastizitätsmodell ~34 kg (GESIS) / Plausibilitätscheck siehe Arbeitsminuten 1 kg Fleisch;GESIS dbk 70235 / Lautenschläger 2013 / Medievalists (Barcelona);https://access.gesis.org/dbk/70235 | https://www.openagrar.de/servlets/MCRFileNodeServlet/Document_derivate_00000945/200_B03_Lautenschlaeger.pdf | https://www.medievalists.net/2020/11/medieval-europeans-meat-consumption/;verifiziert | verifiziert | sekundär;GESIS: Modell (Reallohn -1/3 / Fleischpreis +50 % bis 1780er → +114 % ggü. 16 kg) | Lautenschläger: nein (Teuteberg & Wiegelmann 1995) | Barcelona: städtisch ~127 kg
139;Ernährung;Fleischkonsum;kg/Kopf/Jahr;1800;1800;14;16;Schätzung;nein;;GESIS dbk 70235 / Lautenschläger 2013;https://access.gesis.org/dbk/70235 | https://www.openagrar.de/servlets/MCRFileNodeServlet/Document_derivate_00000945/200_B03_Lautenschlaeger.pdf;verifiziert | verifiziert;GESIS: 16 kg (1780er) | Lautenschläger: 14 kg (Tiefstand 19. Jh.)
140;Ernährung;Fleischkonsum;kg/Kopf/Jahr;1900;um 1895;35;55;Statistik;nein;städtisch 54.6 / ländlich ~35 kg;Handbuch um 1900;https://digital.ulb.hhu.de/download/pdf/3239242.pdf;verifiziert;ja: zeitgenössisches Handbuch (Landw. Jahrbücher 1897)
141;Ernährung;Fleischkonsum;kg/Kopf/Jahr;1950;1950;14;40;Statistik;nein;Quellen widersprüchlich / evtl. Teilmenge;Lautenschläger 2013 / BMEL;https://www.openagrar.de/servlets/MCRFileNodeServlet/Document_derivate_00000945/200_B03_Lautenschlaeger.pdf;verifiziert (Wert widersprüchlich);nein: Lautenschläger 2013 nennt 14 kg (= Niveau 1892) / BMEL-Reihen ~37 kg PRÜFEN
142;Ernährung;Fleischkonsum;kg/Kopf/Jahr;heute;2024..2025;53.2;54.9;Statistik;nein;Verzehr (Verbrauch inkl. Futter/Verluste höher);BLE / BZL;https://www.leinetal24.de/verbraucher/14-kilo-pro-kopf-neuer-rekord-beim-fleischverzehr-zr-94252537.html | https://www.topagrar.com/markt/news/deutscher-fleischverzehr-leicht-gestiegen-20012901.html;sekundär | sekundär;nein: BLE/BZL Versorgungsbilanz Fleisch
143;Ernährung;Hungerjahre;Anzahl/Jahrhundert;Mittelalter;1000..1500;5;15;Schätzung;nein;u.a. Große Hungersnot 1315..1317;Curschmann 1900;https://find.library.upenn.edu/catalog/997679283503681;verifiziert;ja: Diss. Leipzig 1900 (nur 8..13. Jh.) / URL = Katalog
144;Ernährung;Hungerjahre;Anzahl/Jahrhundert;Frühe Neuzeit;1500..1800;5;15;Schätzung;nein;u.a. 1570er / 1770..1772;Abel 1974 / Collet 2019;- | -;keine URL | keine URL;Abel 1974: ja: Buch Massenarmut und Hungerkrisen | Collet 2019: ja: Buch Die doppelte Katastrophe
145;Ernährung;Hungerjahre;Anzahl/Jahrhundert;1900;1900..1999;2;3;Statistik;nein;1916/17 / 1918/19 / 1946/47;Reichsgesundheitsamt / BMEL;https://en.wikipedia.org/wiki/Blockade_of_Germany_(1914%E2%80%931919) | https://www.bmel-statistik.de;sekundär | Portal (nicht zeilengenau);Reichsgesundheitsamt: nein: Denkschrift Dez. 1918 (763.000) / keine Online-URL gefunden | BMEL: nein: Statistisches Jahrbuch ELF
146;Ernährung;Hungerjahre;Anzahl/Jahrhundert;heute;2000..2024;0;0;Statistik;nein;;FAO;https://www.fao.org/faostat/en/#data/FS;Portal (nicht zeilengenau);ja (Datenbank)
147;Ernährung;Hungertote;% der Bevölkerung;Mittelalter;1315..1317;5;12;Schätzung;nein;Große Hungersnot;Jordan 1996;-;keine URL;ja: Buch The Great Famine (Princeton UP)
148;Ernährung;Hungertote;% der Bevölkerung;Frühe Neuzeit;1770..1772;2;10;Schätzung;nein;regional / PRÜFEN;Collet 2019;-;keine URL;ja: Buch Die doppelte Katastrophe
149;Ernährung;Hungertote;% der Bevölkerung;1900;1914..1918;0.6;1.2;Statistik;nein;Hungerblockade 0.42..0.76 Mio / umstritten;Reichsgesundheitsamt / Roesle;https://en.wikipedia.org/wiki/Blockade_of_Germany_(1914%E2%80%931919) | https://en.wikipedia.org/wiki/Blockade_of_Germany_(1914%E2%80%931919);sekundär | sekundär;Reichsgesundheitsamt: nein: Denkschrift Dez. 1918 (763.000) / keine Online-URL gefunden | Roesle: nein: Studie 1928 (424.000)
150;Ernährung;Hungertote;% der Bevölkerung;heute;2024;0;0;Statistik;nein;;Destatis;https://www-genesis.destatis.de;Portal (nicht zeilengenau);nein: Statistisches Jahrbuch für das Deutsche Reich / BRD
151;Ernährung;Hungermonate;Monate/Jahr;Steinzeit;-10000..-2200;1;3;Rekonstruktion;nein;saisonale Knappheit;Wilmsen 1978 / Hill 1984;https://agris.fao.org/search/en/records/65dea58b7c7033e84beb3920 | https://doi.org/10.1007/BF01531269;verifiziert | verifiziert;Wilmsen 1978: ja | Hill 1984: ja
152;Ernährung;Hungermonate;Monate/Jahr;Mittelalter;500..1500;2;4;Schätzung;nein;Frühjahrsloch vor der Ernte;Abel 1978 / Montanari;- | -;keine URL | keine URL;Abel 1978: nein: 1. Aufl. Agrarkrisen und Agrarkonjunktur 1935 | Montanari: nein: ital. Original 1993
153;Ernährung;Hungermonate;Monate/Jahr;1900;1900;0;1;Schätzung;nein;nur Unterschicht;Teuteberg;-;keine URL;unklar: Teuteberg & Wiegelmann 1972
154;Ernährung;Hungermonate;Monate/Jahr;heute;2024;0;0;Statistik;nein;;FAO;https://www.fao.org/faostat/en/#data/FS;Portal (nicht zeilengenau);ja (Datenbank)
155;Ernährung;Kirchliche Fastentage;Tage/Jahr;Mittelalter;500..1500;100;150;Schätzung;nein;Fleischverzicht / kein Kalorienmangel;Montanari;-;keine URL;nein: ital. Original 1993
156;Ernährung;Kirchliche Fastentage;Tage/Jahr;heute;2024;0;2;Statistik;nein;freiwillig;Kirchenrecht;https://www.vatican.va/archive/cod-iuris-canonici/cic_index_ge.html;Portal (nicht zeilengenau);nein: CIC can. 1251
157;Ernährung;Unterernährung;% der Bevölkerung;heute;2021..2023;0;2.5;Statistik;nein;FAO-Messgrenze <2.5 %;FAOSTAT;https://www.fao.org/faostat/en/#data/FBS;Portal (nicht zeilengenau);ja (Datenbank)
158;Ernährung;1 Landwirt ernährt;Personen;1800;1800;1.2;1.4;Schätzung;nein;3 Bauern je 1 Städter;DBV;https://www.topagrar.com/panorama/news/ein-landwirt-ernaehrt-heute-139-personen-13561211.html;sekundär;nein: DBV-Situationsbericht (jährlich)
159;Medizin / Todesursachen;Lungenentzündung;Tote je 100.000;1950;1950;48.6;48.6;Statistik;nein;Antibiotika ab 1940er;Destatis via Statista;https://de.statista.com/statistik/daten/studie/1284105/umfrage/todesursachen-in-deutschland-historisch/;sekundär (Paywall);nein: Destatis Todesursachenstatistik
160;Medizin / Todesursachen;Lungenentzündung;Tote je 100.000;2000;2010;24.3;24.3;Statistik;nein;trotz Alterung halbiert;Destatis via Statista;https://de.statista.com/statistik/daten/studie/1284105/umfrage/todesursachen-in-deutschland-historisch/;sekundär (Paywall);nein: Destatis Todesursachenstatistik
161;Medizin / Todesursachen;Herz-Kreislauf;Tote je 100.000 (roh);1950;1959;443.1;443.1;Statistik;teilweise;rohe Rate: niedriger als 1970;Destatis via Statista;https://de.statista.com/statistik/daten/studie/1284105/umfrage/todesursachen-in-deutschland-historisch/;sekundär (Paywall);nein: Destatis Todesursachenstatistik
162;Medizin / Todesursachen;Herz-Kreislauf;Tote je 100.000 (roh);1970;1970;534.4;534.4;Statistik;nein;Höchststand-Ära;Destatis via Statista;https://de.statista.com/statistik/daten/studie/1284105/umfrage/todesursachen-in-deutschland-historisch/;sekundär (Paywall);nein: Destatis Todesursachenstatistik
163;Medizin / Todesursachen;Herz-Kreislauf;Tote je 100.000 (roh);2000;2010;431.4;431.4;Statistik;nein;rückläufig trotz Alterung;Destatis via Statista;https://de.statista.com/statistik/daten/studie/1284105/umfrage/todesursachen-in-deutschland-historisch/;sekundär (Paywall);nein: Destatis Todesursachenstatistik
164;Medizin / Todesursachen;Krebs;Tote je 100.000 (roh);1950;1950;174;175;Statistik;ja (roh);heute häufiger v.a. durch höheres Lebensalter / altersstandardisiert sinkend PRÜFEN;Destatis via Statista;https://de.statista.com/statistik/daten/studie/1284105/umfrage/todesursachen-in-deutschland-historisch/;sekundär (Paywall);nein: Destatis Todesursachenstatistik
165;Medizin / Todesursachen;Krebs;Tote je 100.000 (roh);2000;2010;267.7;267.7;Statistik;nein;häufigere Todesursache weil weniger früher Tod;Destatis via Statista;https://de.statista.com/statistik/daten/studie/1284105/umfrage/todesursachen-in-deutschland-historisch/;sekundär (Paywall);nein: Destatis Todesursachenstatistik
166;Medizin / Todesursachen;Suizid;Tote je 100.000;1970;1970;21.5;21.5;Statistik;nein;;Destatis via Statista;https://de.statista.com/statistik/daten/studie/1284105/umfrage/todesursachen-in-deutschland-historisch/;sekundär (Paywall);nein: Destatis Todesursachenstatistik
167;Medizin / Todesursachen;Suizid;Tote je 100.000;2000;2010;12.3;12.3;Statistik;nein;;Destatis via Statista;https://de.statista.com/statistik/daten/studie/1284105/umfrage/todesursachen-in-deutschland-historisch/;sekundär (Paywall);nein: Destatis Todesursachenstatistik
168;Medizin / Todesursachen;Suizid;Anzahl/Jahr;heute;2023;10300;10300;Statistik;nein;~12 je 100.000;Destatis;https://t-online.de/gesundheit/aktuelles/id_100471244/haeufigste-todesursache-in-deutschland-herz-kreislauf-erkrankungen.html;sekundär;nein: Destatis Todesursachenstatistik
169;Pandemien;Pest (Schwarzer Tod);Tote % der Bevölkerung;Mittelalter;1347..1353;20;50;Schätzung;nein;Europa ~1/3 / DE regional ~20 %;Planet Wissen / WLB Ulm und Oberschwaben;https://www.planet-wissen.de/geschichte/mittelalter/leben_im_mittelalter/pwiederschwarzetoddiepestwuetetineuropa100.html | https://journals.wlb-stuttgart.de/index.php/uo/article/download/15331/15365/29684;sekundär | sekundär;nein: Chroniken / Bevölkerungsrekonstruktion
170;Pandemien;Cholera Hamburg;Tote % der Stadtbevölkerung;1900;1892;1.3;1.4;Statistik;nein;8605 Tote von ~640.000 / lokal / danach Trinkwasserfilter;Pharm. Zeitung / Museum digital;https://www.pharmazeutische-zeitung.de/cholera-epidemie-1892-in-hamburg-und-die-folgen-117189/ | https://rheinland.museum-digital.de/pdf/object/22481.pdf?lang=en;sekundär | sekundär;nein: Hamburger Medizinalberichte 1892
171;Pandemien;Spanische Grippe;Tote % der Bevölkerung;1900;1918..1920;0.6;0.7;Schätzung;nein;~426.000 Tote Deutsches Reich;Ärzteblatt / Michels 2010;https://www.aerzteblatt.de/themen/grippe-influenza/spanische-grippe-jaehrt-sich-zum-100-mal-2230ea4f-4b53-492d-aa43-6a69a841923b | https://www.ifz-muenchen.de/heftarchiv/2010_1.pdf;sekundär | verifiziert;nein: Studie zit. von RKI / Michels VfZ 2010
172;Pandemien;Hongkong-Grippe;Tote % der Bevölkerung;1950;1968..1970;0.06;0.07;Schätzung;nein;~40.000 Übersterblichkeit BRD;FES;https://www.fes.de/themenportal-geschichte-kultur-medien-netz/geschichte/spanische-grippe;sekundär;nein: Übersterblichkeitsschätzung
173;Pandemien;COVID-19;Tote % der Bevölkerung;heute;2020..2023;0.21;0.22;Statistik;nein;Grundleiden 30136+71331+52357+25768 = 179592 / Ifo-Übersterblichkeit 2020..22 ~180.000;Destatis / Ifo;https://www.aerzteblatt.de/news/rubriken/politik/todesursachenstatistik-30136-menschen-starben-2020-an-covid-19-a8e3bbbd-b938-4a17-b689-49ffc061e45d | https://www.berliner-zeitung.de/article/statistik-zahl-der-todesfalle-in-deutschland-gestiegen-2159004 | https://t-online.de/gesundheit/aktuelles/id_100471244/haeufigste-todesursache-in-deutschland-herz-kreislauf-erkrankungen.html | https://www.pharmazeutische-zeitung.de/mehr-sterbefaelle-in-deutschland-in-corona-jahren-138088/;sekundär | sekundär | sekundär | sekundär;nein: Destatis Todesursachenstatistik / Ifo
174;Ernährung;Fleischkonsum;kg/Kopf/Jahr;1990;1991;63.9;63.9;Statistik;nein;Höchststand Verzehr / heute ~10 kg weniger;BLE via Statista;https://de.statista.com/infografik/amp/21790/pro-kopf-konsum-von-fleischsorten-in-deutschland;sekundär;nein: BLE Versorgungsbilanz
175;Ernährung;Nahrungsanteil am Konsum;%;1800;1800;72;72;Schätzung;nein;Maurerhaushalt;Stiglmair 1988;https://www.schule-bw.de/faecher-und-schularten/gesellschaftswissenschaftliche-und-philosophische-faecher/landeskunde-landesgeschichte/module/epochen/geowissenschaft/landwirtschaft/pfitzingen/d4.pdf;sekundär;nein: Stiglmair 1988
176;Ernährung;Nahrungsanteil am Konsum;%;1970;1975;26;26;Schätzung;nein;Maurerhaushalt;Stiglmair 1988;https://www.schule-bw.de/faecher-und-schularten/gesellschaftswissenschaftliche-und-philosophische-faecher/landeskunde-landesgeschichte/module/epochen/geowissenschaft/landwirtschaft/pfitzingen/d4.pdf;sekundär;nein: Stiglmair 1988
177;Ernährung;Arbeitsminuten 1 kg Brot;min;Spätmittelalter;1386..1499;40;80;Schätzung (berechnet);ja;Meister-Wochenlohn = 100..150 kg Getreide / Region der Tabelle PRÜFEN / Annahmen: 1 kg Brot = 1.5..2 × Getreidepreis / Arbeitstag 11 h / Löhne teils mit Kost;Lohn-Getreide-Tabelle (kpbc);https://kpbc.umk.pl//Content/268062/Magazyn_398_POWER_010_07.pdf;verifiziert (Tabelle / Autor PRÜFEN);unklar: historische Lohnstudie um 1890
178;Ernährung;Arbeitsminuten 1 kg Brot;min;Frühe Neuzeit;1550..1600;40;125;Schätzung (berechnet);teilweise;Lüneburg 1551: Geselle 25 Pf/Tag / Getreide 1 Pf/kg → 40..90 min / Tabelle 1550..99: 48 kg/Woche → ~125 min / Annahmen: 1 kg Brot = 1.5..2 × Getreidepreis / Arbeitstag 11 h / Löhne teils mit Kost;Hist. Museum Frankfurt / kpbc;https://www.historisches-museum-frankfurt.de/iart/os-download-object/28008 | https://kpbc.umk.pl//Content/268062/Magazyn_398_POWER_010_07.pdf;verifiziert | verifiziert;Museumsangabe (Primärquelle dahinter unklar) | unklar
179;Ernährung;Arbeitsminuten 1 kg Brot;min;1800;1700..1800;70;260;Schätzung (berechnet);nein;1751: Handwerker 6 Gr/Tag / großes Brot 2 Gr (Gewicht 1.5..3 kg angenommen) / ländlich 25..30 kg Roggen je Wochenlohn / Annahmen: 1 kg Brot = 1.5..2 × Getreidepreis / Arbeitstag 11 h / Löhne teils mit Kost;Hist. Museum Frankfurt / kpbc;https://historisches-museum-frankfurt.de/iart/os-download-object/31175 | https://kpbc.umk.pl//Content/268062/Magazyn_398_POWER_010_07.pdf;verifiziert | verifiziert;Museumsangabe | unklar
180;Ernährung;Arbeitsminuten 1 kg Brot;min;1900;um 1900;35;65;Schätzung (berechnet);nein;Schwarzbrot ~21 Pf/kg (Schw. Gmünd) / Stundenlohn 20..35 Pf / Arbeitstag 10.5 h;schule-bw / GHDI;https://www.schule-bw.de/faecher-und-schularten/gesellschaftswissenschaftliche-und-philosophische-faecher/landeskunde-landesgeschichte/module/epochen/neuzeit/industrialisierung/schwgmnd_fabrik/t3.pdf | https://www.schule-bw.de/faecher-und-schularten/gesellschaftswissenschaftliche-und-philosophische-faecher/landeskunde-landesgeschichte/module/epochen/neuzeit/industrialisierung/wiesloch/ab5a.pdf | https://www.schule-bw.de/faecher-und-schularten/gesellschaftswissenschaftliche-und-philosophische-faecher/landeskunde-landesgeschichte/module/epochen/neuzeit/industrialisierung/neckarsulm/ab5.pdf | https://germanhistorydocs.org/de/reichsgruendung-bismarcks-deutschland-1866-1890/ghdi:document-5063.pdf;sekundär | sekundär | sekundär | verifiziert;zeitgenössische Preislisten / Lohnangaben
181;Ernährung;Arbeitsminuten 1 kg Fleisch;min;Spätmittelalter;um 1390;150;200;Schätzung (berechnet);ja;Handwerker 4 Groschen/Tag / 1 Pfund Rindfleisch 0.5 Groschen / Annahmen: Arbeitstag 11 h / 1 Pfund ~0.47 kg / Löhne teils mit Kost;Hist. Museum Frankfurt;https://www.historisches-museum-frankfurt.de/iart/os-download-object/30055;verifiziert;Museumsangabe (Primärquelle unklar)
182;Ernährung;Arbeitsminuten 1 kg Fleisch;min;Spätmittelalter;um 1430;350;530;Schätzung (berechnet);nein;Rottweil: Meister 12 Pf / Knecht 8 Pf / 1 Pfund Rindfleisch 3 Pf / Annahmen: Arbeitstag 11 h / 1 Pfund ~0.47 kg / Löhne teils mit Kost;Hist. Museum Frankfurt;https://www.historisches-museum-frankfurt.de/iart/os-download-object/29629;verifiziert;Museumsangabe (Primärquelle unklar)
183;Ernährung;Arbeitsminuten 1 kg Fleisch;min;Frühe Neuzeit;1551;53;132;Schätzung (berechnet);ja;Lüneburg: Geselle 25 Pf / Gehilfe 15 Pf / 1 kg Fleisch 2..3 Pf / Annahmen: Arbeitstag 11 h / 1 Pfund ~0.47 kg / Löhne teils mit Kost;Hist. Museum Frankfurt;https://www.historisches-museum-frankfurt.de/iart/os-download-object/28008;verifiziert;Museumsangabe (Primärquelle unklar)
184;Ernährung;Arbeitsminuten 1 kg Fleisch;min;1800;1751;470;710;Schätzung (berechnet);nein;Handwerker 6 Gr / Tagelöhner 4 Gr / 1 Pfund Fleisch 2 Gr / Annahmen: Arbeitstag 11 h / 1 Pfund ~0.47 kg / Löhne teils mit Kost;Hist. Museum Frankfurt;https://historisches-museum-frankfurt.de/iart/os-download-object/31175;verifiziert;Museumsangabe (Primärquelle unklar)
185;Ernährung;Arbeitsminuten 1 kg Fleisch;min;1900;um 1900;120;430;Schätzung (berechnet);nein;Rind 1.20..1.44 M/kg / Stundenlohn 20..60 Pf;schule-bw / na-verlag;https://www.schule-bw.de/faecher-und-schularten/gesellschaftswissenschaftliche-und-philosophische-faecher/landeskunde-landesgeschichte/module/epochen/neuzeit/industrialisierung/schwgmnd_fabrik/t3.pdf | https://www.na-verlag.de/wp-content/uploads/book-content/9783961762354_leseprobe_01.pdf | https://www.schule-bw.de/faecher-und-schularten/gesellschaftswissenschaftliche-und-philosophische-faecher/landeskunde-landesgeschichte/module/epochen/neuzeit/industrialisierung/wiesloch/ab5a.pdf | https://www.schule-bw.de/faecher-und-schularten/gesellschaftswissenschaftliche-und-philosophische-faecher/landeskunde-landesgeschichte/module/epochen/neuzeit/industrialisierung/neckarsulm/ab5.pdf;sekundär | sekundär | sekundär | sekundär;zeitgenössische Preislisten / Lohnangaben
